{"train": {"mae": 0.4443997445672608, "rmse": 0.572005746002702, "mape": 0.03610258908905595}, "validation": {"mae": 0.4230751350008649, "rmse": 0.5332448110986742, "mape": 0.039605032579308606}, "test": {"mae": 0.6780787231509788, "rmse": 0.8405424838463795, "mape": 0.059864900109706624}}