{"train": {"mae": 0.17566544270447496, "rmse": 0.221851025371837, "mape": 0.050680677344856456}, "validation": {"mae": 0.13435926103528342, "rmse": 0.1609352747942532, "mape": 0.04884809412431268}, "test": {"mae": 0.18961961079403153, "rmse": 0.23829835630837679, "mape": 0.06471483057879741}}