{"train": {"mae": 0.034831563133873394, "rmse": 0.0461535043838054, "mape": 0.009491673718474652}, "validation": {"mae": 0.1328609035164727, "rmse": 0.16634453741204552, "mape": 0.03927461911151643}, "test": {"mae": 0.17284289929441354, "rmse": 0.21043665705365744, "mape": 0.0488477163203632}}