{"train": {"mae": 0.06568729454730231, "rmse": 0.08870387204731331, "mape": 0.01783191034110961}, "validation": {"mae": 0.12824472292561237, "rmse": 0.16569822985806798, "mape": 0.03777601180088301}, "test": {"mae": 0.17371942847381405, "rmse": 0.22102992261975987, "mape": 0.04953777356136426}}