{"train": {"mae": 0.01800609620559693, "rmse": 0.023477756698054554, "mape": 0.009092214234537488}, "validation": {"mae": 0.07070062298048867, "rmse": 0.08599866331643675, "mape": 0.03685332659439976}, "test": {"mae": 0.08836628100628922, "rmse": 0.10915917323078235, "mape": 0.04560116250838461}}