{"train": {"mae": 0.17755428228223527, "rmse": 0.22672403118041715, "mape": 0.03191513074469726}, "validation": {"mae": 0.24683279709137812, "rmse": 0.32402300708177806, "mape": 0.04897814482813677}, "test": {"mae": 0.42580934605704424, "rmse": 0.5255376737662624, "mape": 0.0775629545361569}}