{"train": {"mae": 0.04804591428375243, "rmse": 0.10118771720998865, "mape": 0.007959443814336024}, "validation": {"mae": 0.06659136925803288, "rmse": 0.09790585888602678, "mape": 0.010520851555550088}, "test": {"mae": 0.060917550404866544, "rmse": 0.07952979121507923, "mape": 0.009544850115952911}}