{"train": {"mae": 0.4153717033559745, "rmse": 0.5337469550011779, "mape": 0.03403259506922676}, "validation": {"mae": 0.4291280665461224, "rmse": 0.5460791559348083, "mape": 0.04055156421244544}, "test": {"mae": 0.6410932812669543, "rmse": 0.8047867998986246, "mape": 0.05708453356416738}}