{"train": {"mae": 0.04853523124694823, "rmse": 0.10275737124509009, "mape": 0.008030506975021692}, "validation": {"mae": 0.06333700031704373, "rmse": 0.09053307882003206, "mape": 0.010005090584499257}, "test": {"mae": 0.06142420642476687, "rmse": 0.08122842531873432, "mape": 0.00961955155810913}}