{"train": {"mae": 0.019666773393467504, "rmse": 0.025472337330528783, "mape": 0.009936853173127824}, "validation": {"mae": 0.06776974973482555, "rmse": 0.08575335469472849, "mape": 0.035751768768481296}, "test": {"mae": 0.09434600237104632, "rmse": 0.1150391219632867, "mape": 0.048861734175675804}}