{"train": {"mae": 0.18799809260878053, "rmse": 0.23613895420583367, "mape": 0.05412032392484792}, "validation": {"mae": 0.1319867076514209, "rmse": 0.15964667565063442, "mape": 0.047867228957342633}, "test": {"mae": 0.19314571355561855, "rmse": 0.2397660641094013, "mape": 0.06579313357732976}}