{"train": {"mae": 0.1940895990599278, "rmse": 0.24582368403849592, "mape": 0.03463574394017863}, "validation": {"mae": 0.2275797835922241, "rmse": 0.30311598304253945, "mape": 0.04499834618745308}, "test": {"mae": 0.44625479647913124, "rmse": 0.5473161055995447, "mape": 0.08086274139857864}}